,recipes,urls
0,Vegan Meatballs,https://www.simplyrecipes.com/vegan-meatballs-recipe-7110027
1,Pesto Chicken Meatballs,https://www.simplyrecipes.com/pesto-chicken-meatballs-recipe-7108940
2,How to Temper Chocolate,https://www.simplyrecipes.com/how-to-temper-chocolate-easiest-method-7110223
3,Lok Lak (Shaking Beef),https://www.simplyrecipes.com/lok-lak-shaking-beef-recipe-7089865
4,Oatmeal Banana Cookies ,https://www.simplyrecipes.com/oatmeal-banana-cookies-recipe-7099389
5,Adobo Chicken Meatballs,https://www.simplyrecipes.com/adobo-chicken-meatballs-recipe-7097608
6,Egg Masala Curry,https://www.simplyrecipes.com/egg-masala-curry-recipe-7099960
7,Lion’s Head Meatballs,https://www.simplyrecipes.com/lion-s-head-meatballs-recipe-7097630
8,Beef Enchilada Casserole ,https://www.simplyrecipes.com/beef-enchilada-casserole-recipe-7097530
9,Oyster Po’ Boy,https://www.simplyrecipes.com/oyster-po-boy-recipe-7100340
10,Potato Kugel,https://www.simplyrecipes.com/potato-kugel-recipe-7099338
11,3-Ingredient Banana Pancakes,https://www.simplyrecipes.com/3-ingredient-banana-pancakes-recipe-7098119
12,Microwave Rice,https://www.simplyrecipes.com/microwave-rice-recipe-7099898
13,Microwave Bacon,https://www.simplyrecipes.com/microwave-bacon-recipe-fast-and-easy-7099909
14,Creamy White Bean Soup with Sage Gremolata ,https://www.simplyrecipes.com/creamy-white-bean-soup-with-sage-gremolata-recipe-7099268
15,Blueberry Muffin Tops,https://www.simplyrecipes.com/blueberry-muffin-tops-recipe-7098956
16,Pancit Bihon (Filipino Rice Noodles),https://www.simplyrecipes.com/pancit-bihon-filipino-rice-noodles-7099214
17,How to Melt Chocolate Chips,https://www.simplyrecipes.com/how-to-melt-chocolate-chips-7092882
18,Red Enchilada Sauce,https://www.simplyrecipes.com/red-enchilada-sauce-recipe-7097284
19,Microwave Sweet Potato,https://www.simplyrecipes.com/microwave-sweet-potato-recipe-7095968
20,Sheet Pan Buttermilk Pancakes ,https://www.simplyrecipes.com/sheet-pan-buttermilk-pancakes-recipe-7095837
21,Braised Short Ribs with Root Beer BBQ Sauce,https://www.simplyrecipes.com/braised-short-ribs-with-root-beer-bbq-sauce-recipe-7092519
22,Shrimp and Chorizo Chowder,https://www.simplyrecipes.com/shrimp-and-chorizo-chowder-recipe-7095986
23,Garam Masala Fish Sticks,https://www.simplyrecipes.com/garam-masala-fish-sticks-recipe-7094148
24,Roasted Sweet Potato Salad,https://www.simplyrecipes.com/roasted-sweet-potato-salad-recipe-7092466
25,Chocolate Mayonnaise Sheet Cake,https://www.simplyrecipes.com/chocolate-mayonnaise-sheet-cake-recipe-7089733
26,Vegan Patty Melt,https://www.simplyrecipes.com/vegan-patty-melt-with-homemade-thousand-island-recipe-7092248
27,Seafood Congee (Tang Jai Jook),https://www.simplyrecipes.com/seafood-congee-tang-jai-jook-recipe-7089691
28,Vegan Chicken Nuggets,https://www.simplyrecipes.com/vegan-chicken-nuggets-recipe-7091022
29,Black Bean Smash Burgers,https://www.simplyrecipes.com/black-bean-smash-burgers-recipe-6979384
30,Copycat Sofritas,https://www.simplyrecipes.com/copycat-sofritas-recipe-7089673
31,Vegan Nachos,https://www.simplyrecipes.com/vegan-nachos-7089477
32,Banoffee Pie,https://www.simplyrecipes.com/banoffee-pie-recipe-7089697
33,How To Make French Press Coffee,https://www.simplyrecipes.com/how-to-make-french-press-coffee-7091083
34,Buffalo Hummus,https://www.simplyrecipes.com/buffalo-hummus-recipe-6951383
35,Bibimbap,https://www.simplyrecipes.com/bibimbap-recipe-7089409
36,Vegan Mac and Cheese,https://www.simplyrecipes.com/vegan-mac-and-cheese-recipe-6951419
37,Sourdough Sandwich Bread,https://www.simplyrecipes.com/sourdough-sandwich-bread-recipe-7089709
38,Smashed Potatoes,https://www.simplyrecipes.com/smashed-potatoes-recipe-7089835
39,Homemade Spaetzle (Spätzle),https://www.simplyrecipes.com/homemade-spaetzle-spaetzle-recipe-6979307
40,Gruyère Mushroom Pizza With Balsamic Glaze,https://www.simplyrecipes.com/gruyere-mushroom-pizza-with-balsamic-glaze-recipe-7089685
41,Brioche Loaf,https://www.simplyrecipes.com/brioche-sandwich-loaf-recipe-6951301
42,Crab and Corn Chowder ,https://www.simplyrecipes.com/crab-and-corn-chowder-recipe-6950786
43,How to Steam Broccoli in the Microwave,https://www.simplyrecipes.com/how-to-steam-broccoli-in-the-microwave-6944798
44,Chicken Congee (Jook),https://www.simplyrecipes.com/chicken-congee-jook-recipe-6944771
45,English Muffin Bread ,https://www.simplyrecipes.com/english-muffin-bread-recipe-6944818
46,Microwave Baked Potato,https://www.simplyrecipes.com/microwave-baked-potato-recipe-6931347
47,Veggie Burgers,https://www.simplyrecipes.com/veggie-burger-recipe-vegan-gluten-free-6891972
48,Red Bean Tangyuan,https://www.simplyrecipes.com/red-bean-tangyuan-recipe-6891734
49,Fermented Elderberry Syrup,https://www.simplyrecipes.com/elderberry-syrup-fermented-and-probiotic-6891838
50,Vegan Cacio e Pepe,https://www.simplyrecipes.com/vegan-cacio-e-pepe-recipe-6890181
51,How to Make a Burger on the Stove,https://www.simplyrecipes.com/how-to-make-a-burger-on-the-stove-6890850
52,Chicken Lasagna,https://www.simplyrecipes.com/chicken-lasagna-recipe-6835653
53,Egg Foo Young,https://www.simplyrecipes.com/egg-foo-young-recipe-6890222
54,Potato Croquettes,https://www.simplyrecipes.com/potato-croquettes-recipe-6889868
55,How to Make Donuts,https://www.simplyrecipes.com/how-to-make-donuts-6889476
56,Shrimp Butter ,https://www.simplyrecipes.com/shrimp-butter-recipe-6888965
57,Mulling Spices,https://www.simplyrecipes.com/diy-mulling-spices-mulled-wine-recipe-6888951
58,Creamy Chicken Enchilada Soup,https://www.simplyrecipes.com/creamy-chicken-enchilada-soup-recipe-6828209
59,Heart-Shaped Pepperoni Pizza ,https://www.simplyrecipes.com/heart-shaped-pepperoni-pizza-recipe-6835896
60,Sweet and Sour Cabbage Soup,https://www.simplyrecipes.com/sweet-and-sour-cabbage-soup-recipe-6835442
61,Cheeseburger Casserole,https://www.simplyrecipes.com/cheeseburger-casserole-recipe-6835713
62,Cheeseburger Pizza ,https://www.simplyrecipes.com/cheeseburger-pizza-recipe-6835783
